[
  {
    "id": "55ff25ae-65f3-4819-bf0e-830d1145cc2d",
    "data": [
      {
        "text": "I don\u0027t see any chests",
        "userDefined": false
      }
    ],
    "isTemplate": false,
    "count": 0,
    "updated": 0
  },
  {
    "id": "1d484fb9-a4d5-4140-81d1-a35075a9f93c",
    "data": [
      {
        "text": "Where can I find the Chests",
        "userDefined": false
      }
    ],
    "isTemplate": false,
    "count": 0,
    "updated": 0
  },
  {
    "id": "088d9d5e-b4d7-4613-a5c4-ef2ec0035f9b",
    "data": [
      {
        "text": "Where are the Chests",
        "userDefined": false
      }
    ],
    "isTemplate": false,
    "count": 0,
    "updated": 0
  }
]