[
  {
    "id": "2bec01ac-5ede-4074-ae2a-4a8dfb533dba",
    "data": [
      {
        "text": "King\u0027s was made in ",
        "userDefined": false
      },
      {
        "text": "12121",
        "alias": "number",
        "meta": "@sys.number",
        "userDefined": true
      }
    ],
    "isTemplate": false,
    "count": 0,
    "updated": 0
  },
  {
    "id": "382d3aca-b064-4975-887e-1c768e6de364",
    "data": [
      {
        "text": "the key is in box ",
        "userDefined": false
      },
      {
        "text": "45",
        "alias": "number",
        "meta": "@sys.number",
        "userDefined": true
      }
    ],
    "isTemplate": false,
    "count": 0,
    "updated": 0
  },
  {
    "id": "b19e7089-e66f-442d-aee4-d6941cbd61e3",
    "data": [
      {
        "text": "open box ",
        "userDefined": false
      },
      {
        "text": "242",
        "alias": "number",
        "meta": "@sys.number",
        "userDefined": true
      }
    ],
    "isTemplate": false,
    "count": 0,
    "updated": 0
  },
  {
    "id": "6802cba7-f070-4122-96f9-49d2ef5f4071",
    "data": [
      {
        "text": "1441",
        "alias": "number",
        "meta": "@sys.number",
        "userDefined": false
      }
    ],
    "isTemplate": false,
    "count": 0,
    "updated": 0
  }
]