[
  {
    "id": "3e2668be-b03c-427c-a08c-ec5b03c33514",
    "data": [
      {
        "text": "The chests are locked",
        "userDefined": false
      }
    ],
    "isTemplate": false,
    "count": 0,
    "updated": 0
  },
  {
    "id": "de444a69-5c16-4269-a95c-8c593609e270",
    "data": [
      {
        "text": "What is the key to the chest",
        "userDefined": false
      }
    ],
    "isTemplate": false,
    "count": 0,
    "updated": 0
  },
  {
    "id": "755fd70f-dd08-497c-891b-b70788d95026",
    "data": [
      {
        "text": "How do I open them",
        "userDefined": false
      }
    ],
    "isTemplate": false,
    "count": 0,
    "updated": 0
  }
]