[
  {
    "id": "70e0cb98-d201-4e2c-b13b-d72daceeaa65",
    "data": [
      {
        "text": "What can you tell me?",
        "userDefined": false
      }
    ],
    "isTemplate": false,
    "count": 0,
    "updated": 0
  },
  {
    "id": "38844541-2cd6-4e35-a967-5d4abd6dc3a9",
    "data": [
      {
        "text": "What more do you know about King\u0027s",
        "userDefined": false
      }
    ],
    "isTemplate": false,
    "count": 0,
    "updated": 0
  },
  {
    "id": "8b2c3aa6-b9c4-4805-97c3-5bff7273483e",
    "data": [
      {
        "text": "Is there anything else that is interesting about King\u0027s",
        "userDefined": false
      }
    ],
    "isTemplate": false,
    "count": 0,
    "updated": 0
  },
  {
    "id": "d8984949-2840-45fd-a437-52c1abd420a6",
    "data": [
      {
        "text": "What more can you tell me about King\u0027s",
        "userDefined": false
      }
    ],
    "isTemplate": false,
    "count": 0,
    "updated": 0
  },
  {
    "id": "6580931c-c008-4892-a1d8-351b8d3626b2",
    "data": [
      {
        "text": "Tell me more about King\u0027s",
        "userDefined": false
      }
    ],
    "isTemplate": false,
    "count": 0,
    "updated": 0
  }
]