[
  {
    "id": "f4f70969-81e9-4d4f-b34c-0b8cd17c4a61",
    "data": [
      {
        "text": "Sword Fight?",
        "userDefined": false
      }
    ],
    "isTemplate": false,
    "count": 0,
    "updated": 0
  },
  {
    "id": "0c0c6600-3bab-491a-ab76-07fc90d3a312",
    "data": [
      {
        "text": "What was made illeagal",
        "userDefined": false
      }
    ],
    "isTemplate": false,
    "count": 0,
    "updated": 0
  },
  {
    "id": "e6bdef4d-621a-494c-bdd9-ae5d41c48e13",
    "data": [
      {
        "text": "Last Place to what?",
        "userDefined": false
      }
    ],
    "isTemplate": false,
    "count": 0,
    "updated": 0
  }
]