[
  {
    "id": "d54e1aa9-7b41-4766-b3f9-bb21b79ff292",
    "data": [
      {
        "text": "Are the Punts up ahead",
        "userDefined": false
      }
    ],
    "isTemplate": false,
    "count": 0,
    "updated": 0
  },
  {
    "id": "e0700170-c67f-4226-a358-044013c56102",
    "data": [
      {
        "text": "I can\u0027t find the Punts",
        "userDefined": false
      }
    ],
    "isTemplate": false,
    "count": 0,
    "updated": 0
  },
  {
    "id": "8208e8ef-6c1b-4d76-9d54-5a0aa2932f13",
    "data": [
      {
        "text": "Where can I find the Punts",
        "userDefined": false
      }
    ],
    "isTemplate": false,
    "count": 0,
    "updated": 0
  },
  {
    "id": "41028bc3-4df7-43e4-b3d9-ade00909512b",
    "data": [
      {
        "text": "Where are the Punts",
        "userDefined": false
      }
    ],
    "isTemplate": false,
    "count": 0,
    "updated": 0
  }
]