[
  {
    "id": "29d0b65b-acd1-4cb8-8ce9-e1b33a562b21",
    "data": [
      {
        "text": "Can we start the game please",
        "userDefined": false
      }
    ],
    "isTemplate": false,
    "count": 0,
    "updated": 0
  },
  {
    "id": "51e83d19-8b1f-4d8c-b350-7d9c1d4a947e",
    "data": [
      {
        "text": "Can we start",
        "userDefined": false
      }
    ],
    "isTemplate": false,
    "count": 0,
    "updated": 0
  },
  {
    "id": "d1cb106a-edd8-470a-8f6c-cdbd77386f14",
    "data": [
      {
        "text": "Let\u0027s go",
        "userDefined": false
      }
    ],
    "isTemplate": false,
    "count": 0,
    "updated": 0
  },
  {
    "id": "76fd941e-6299-4713-8d87-d637c032743b",
    "data": [
      {
        "text": "I am ready to play",
        "userDefined": false
      }
    ],
    "isTemplate": false,
    "count": 0,
    "updated": 0
  },
  {
    "id": "35a7f389-2642-45e8-af57-93ce69083deb",
    "data": [
      {
        "text": "shall we begin",
        "userDefined": false
      }
    ],
    "isTemplate": false,
    "count": 0,
    "updated": 0
  },
  {
    "id": "88302126-78d8-4964-830a-ecaadb9a84f8",
    "data": [
      {
        "text": "Let\u0027s play",
        "userDefined": false
      }
    ],
    "isTemplate": false,
    "count": 0,
    "updated": 0
  },
  {
    "id": "f3215aa3-b6d6-403d-adc4-746718c13d62",
    "data": [
      {
        "text": "I am ready to start",
        "userDefined": false
      }
    ],
    "isTemplate": false,
    "count": 0,
    "updated": 0
  }
]