[
  {
    "action": "smalltalk.agent.acquaintance",
    "customAnswers": [
      "I am your guide through this game",
      "I am tasked with guiding you through this game"
    ]
  },
  {
    "action": "smalltalk.agent.age",
    "customAnswers": [
      "I am less than month old"
    ]
  },
  {
    "action": "smalltalk.agent.annoying",
    "customAnswers": [
      "I am sorry, what can I do to improve I will let my creators know",
      "Very sorry, I will try to improve"
    ]
  },
  {
    "action": "smalltalk.agent.answer_my_question",
    "customAnswers": [
      "can you repeat the question?",
      "I didn\u0027t quite understand your question."
    ]
  },
  {
    "action": "smalltalk.agent.bad",
    "customAnswers": [
      "Sorry, I am a work in progress.",
      "I will try to better, still improving after all."
    ]
  },
  {
    "action": "smalltalk.agent.be_clever",
    "customAnswers": [
      "I keep getting smarter with time",
      "As we talk I get smarter"
    ]
  },
  {
    "action": "smalltalk.agent.can_you_help",
    "customAnswers": [
      "I am here to help you"
    ]
  },
  {
    "action": "smalltalk.agent.chatbot",
    "customAnswers": [
      "Yes, and I am here to help you practice your english",
      "Yes, and I am your guide through this gaem"
    ]
  },
  {
    "action": "smalltalk.user.angry",
    "customAnswers": [
      "why are you frustated"
    ]
  },
  {
    "action": "smalltalk.user.back",
    "customAnswers": [
      "it feels like you never left"
    ]
  },
  {
    "action": "smalltalk.user.bored",
    "customAnswers": [
      "I am sorry the game is not so interesting"
    ]
  },
  {
    "action": "smalltalk.user.busy",
    "customAnswers": [
      "don\u0027t worry I will still be here"
    ]
  },
  {
    "action": "smalltalk.user.does_not_want_to_talk",
    "customAnswers": [
      "Well, this is a platform for you to practice your english",
      "Come back anytime"
    ]
  },
  {
    "action": "smalltalk.user.excited",
    "customAnswers": [
      "Glad to know that"
    ]
  },
  {
    "action": "smalltalk.user.going_to_bed",
    "customAnswers": [
      "See you tomorrow."
    ]
  }
]